http://www.denverpost.com/arcade/ci_26520676/sudoku,http://www.denverpost.com/games/universal-sudoku/
http://www.denverpost.com/arcade/ci_26520665/daily-crossword,http://www.denverpost.com/games/daily-crossword/
http://www.denverpost.com/arcade/ci_26520670/up-down-words,http://www.denverpost.com/games/up-down-words/
http://www.denverpost.com/arcade/ci_26520669/play-four,http://www.denverpost.com/games/play-four/
http://www.denverpost.com/weather-o-meter,http://www.denverpost.com/weather
http://www.denverpost.com/forecast,http://www.denverpost.com/weather
http://www.denverpost.com/forecasts,http://www.denverpost.com/weather
http://www.denverpost.com/weatherometer,http://www.denverpost.com/weather
http://www.denverpost.com/psaunders,http://www.denverpost.com/author/patrick-saunders/
http://www.denverpost.com/coldcase,http://www.denverpost.com/tag/cold-cases-colorado/
http://www.denverpost.com/coldcases,http://www.denverpost.com/tag/cold-cases-colorado/
http://www.denverpost.com/denvercrimemap,http://crime.denverpost.com/
http://www.denverpost.com/crimemap,http://crime.denverpost.com/
http://www.denverpost.com/arcade/ci_26520676/sudoku,http://www.denverpost.com/games/universal-sudoku/
http://www.denverpost.com/arcade/ci_26520665/daily-crossword,http://www.denverpost.com/games/daily-crossword/
http://www.denverpost.com/arcade/ci_26520670/up-down-words,http://www.denverpost.com/games/up-down-words/
http://www.denverpost.com/arcade/ci_26520669/play-four,http://www.denverpost.com/games/play-four/
http://www.denverpost.com/thefireline,http://www.denverpost.com/2013/12/02/waldo-canyon-black-forest-and-how-wildfires-are-changing-in-colorado-and-the-american-west/
http://www.denverpost.com/superstore,http://photos.denverpost.com/2014/01/17/photos-broncos-extra-section-covers
http://www.denverpost.com/election2012opinion,http://www.denverpost.com/2012/09/20/election-2012-colorado-ballot-issues/
http://search.denverpost.com,http://www.denverpost.com/search
http://www.denverpost.com/peeps,http://neighbors.denverpost.com/album_cat.php?cat_id=125
http://www.denverpost.com/sxsw,http://www.denverpost.com/tag/sxsw
http://www.denverpost.com/placeanobit,http://denverpost.com/placeanobituary
http://www.denverpost.com/homeimprovement,http://shout.lt/mh5K
http://www.denverpost.com/10things,http://www.denverpost.com/2013/03/07/ten-things-to-do-in-colorado-in-your-lifetime-denver-post-ipad-ebook-on-colorado-adventures/
http://www.denverpost.com/tenthings,http://www.denverpost.com/2013/03/07/ten-things-to-do-in-colorado-in-your-lifetime-denver-post-ipad-ebook-on-colorado-adventures/
http://www.denverpost.com/cecilandcarl,http://photos.denverpost.com/?s=cecil+carl
http://www.denverpost.com/live,http://live.denverpost.com
http://www.denverpost.com/voterguide,http://c3.thevoterguide.org/v/denver14/build.do
http://www.denverpost.com/wildfire,http://www.denverpost.com/wildfires
http://www.denverpost.com/holiday-lights-form,https://form.jotform.com/53234893304152
http://www.denverpost.com/holidaylightsform,https://form.jotform.com/53234893304152
http://www.denverpost.com/campaign2012,http://www.denverpost.com/election
http://www.denverpost.com/usapro,http://www.denverpost.com/tag/usa-pro-challenge
http://www.denverpost.com/usapro/,http://www.denverpost.com/tag/usa-pro-challenge
http://www.denverpost.com/mapgames,http://extras.denverpost.com/app/mapgame/games/
http://www.denverpost.com/mapgames/,http://extras.denverpost.com/app/mapgame/games/
http://www.denverpost.com/redesign,http://postnewsads.com/D/DPredesign/DPredesign-readers.html
http://www.denverpost.com/theatershootings,http://www.denverpost.com/tag/aurora-theater-shooting/
http://www.denverpost.com/shooting,http://www.denverpost.com/tag/aurora-theater-shooting/
http://www.denverpost.com/sia,http://photos.denverpost.com/2013/02/01/glenwood-springs-based-meier-skis/
http://www.denverpost.com/gopdebate,http://www.denverpost.com/tag/gop-debate-boulder-2015/
http://www.denverpost.com/shootings,http://www.denverpost.com/tag/aurora-theater-shooting/
http://www.denverpost.com/auroratheatershooting,http://www.denverpost.com/tag/aurora-theater-shooting/
http://www.denverpost.com/auroratheatershootings,http://www.denverpost.com/tag/aurora-theater-shooting/
http://www.denverpost.com/careers,http://ch.tbe.taleo.net/CH05/ats/careers/jobSearch.jsp?org=JOURNALREGISTER&cws=37
http://www.denverpost.com/denverpostcareers,http://ch.tbe.taleo.net/CH05/ats/careers/jobSearch.jsp?org=JOURNALREGISTER&cws=37
http://www.denverpost.com/imadethis,http://neighbors.denverpost.com/album_cat.php?cat_id=153
http://www.denverpost.com/papertrails,http://neighbors.denverpost.com/album_cat.php?cat_id=147
http://www.denverpost.com/papertrails/,http://neighbors.denverpost.com/album_cat.php?cat_id=147
http://www.denverpost.com/contests,http://www.postnewsads.com/contestDPO/viewall.asp
http://www.denverpost.com/emailnews,http://dna.ed4.net/profile/signup.cfm?l=28783290
http://www.denverpost.com/stylecolumnists,http://www.denverpost.com/lifestyle/columnists/
http://www.denverpost.com/photobook,http://www.denverpost.com/2012/11/27/ipad-download-the-denver-post-year-in-photography/
http://www.denverpost.com/gardencolorado,http://www.denverpost.com/2012/11/27/gardening-in-colorado-denver-post-ebook-now-available-for-kindle-android-tablets/download-denver-post-Gardening-Colorado-ipad-download
http://www.denverpost.com/editorsdesk,http://blogs.denverpost.com/editorsdesk
http://www.denverpost.com/style,http://www.denverpost.com/lifestyle/
http://www.denverpost.com/lifestyle,http://www.denverpost.com/lifestyle/
http://www.denverpost.com/home,http://www.denverpost.com/
http://www.denverpost.com/ski,http://www.denverpost.com/sports/skiing/
http://www.denverpost.com/stormchaser,http://extras.denverpost.com/stormchaser
http://www.denverpost.com/stormchaser/,http://extras.denverpost.com/stormchaser
http://www.denverpost.com/stormchasersi,http://extras.denverpost.com/stormchaser
http://www.denverpost.com/stormchasers/,http://extras.denverpost.com/stormchaser
http://www.denverpost.com/insideandout,http://www.denverpost.com/lifestyle/home-garden/
http://www.denverpost.com/athome,http://www.denverpost.com/lifestyle/home-garden/
http://www.denverpost.com/athome/,http://www.denverpost.com/lifestyle/home-garden/
http://www.denverpost.com/homeandgarden,http://www.denverpost.com/lifestyle/home-garden/
http://www.denverpost.com/homeandgarden/,http://www.denverpost.com/lifestyle/home-garden/
http://www.denverpost.com/smartconsumer,http://www.denverpost.com/business/colorado-technology/
http://www.denverpost.com/smartmoney,http://www.denverpost.com/business/colorado-technology/
http://www.denverpost.com/messageboards,http://p067.ezboard.com/bdenverpostnews
http://www.denverpost.com/elections,http://www.denverpost.com/politics/election/
http://www.denverpost.com/election2016,http://www.denverpost.com/politics/election/
http://www.denverpost.com/holidaylights,http://extras.denverpost.com/holiday-lights/
http://www.denverpost.com/veg,http://neighbors.denverpost.com/album_cat.php?cat_id=150
http://www.denverpost.com/onlinedelivery,http://www.post-newscustomercare.com/onlinedelivery.html
http://www.denverpost.com/prepsgallery,http://www.denverpostplus.com/galleries/prepsgallery.html
http://www.denverpost.com/coloradovoices,http://www.denverpost.com/opinion/opinion-columnists/
http://www.denverpost.com/brackets,http://www.denverpost.com/sports/college/
http://www.denverpost.com/marchmadness,http://www.denverpost.com/sports/college/
http://www.denverpost.com/calendar,http://calendar.denverpost.com
http://www.denverpost.com/gasgiveaway,http://www.postnewsads.com/gasgiveaway
http://www.denverpost.com/currency,http://finance.denverpost.com/mng-denver?Account=denverpost&Page=Currency
http://www.denverpost.com/gasandgo,http://postnewsads.com/gasgiveaway
http://www.denverpost.com/genesis,http://www.postnewsmarketplace.com/contests/genesis
http://www.denverpost.com/fathersday,http://neighbors.denverpost.com/album_cat.php?cat_id=11
http://www.denverpost.com/holga,http://neighbors.denverpost.com/album_cat.php?cat_id=16
http://www.denverpost.com/fireworks,http://calendar.denverpost.com/search?cat=5&new=n&search=true&srad=300.0&st=event&svt=text&swhen=July%204&swhere=Denver%2C%20CO
http://www.denverpost.com/pointroll,http://extras.denverpost.com/pointroll/pointrollads.htm
http://www.denverpost.com/hotjobs,http://www.postnewsjobs.com/
http://www.denverpost.com/trashingthetruth,http://www.denverpost.com/tag/trashing-the-truth/
http://www.denverpost.com/houseparty,http://www.postnewsads.com/houseparty
http://www.denverpost.com/heroin,http://dfm-ssp.medianewsgroup.com/denverpostphoto/2012/10/01/special-project-heroin-in-denver/
http://www.denverpost.com/extra,http://www.denverpost.com/dont-miss/
http://www.denverpost.com/woody,http://www.denverpost.com/author/woody-paige/
http://www.denverpost.com/woodypaige,http://www.denverpost.com/author/woody-paige/
http://www.denverpost.com/directory,http://directories.denverpost.com/
http://www.denverpost.com/dovevalley,http://www.denverpost.com/sports/denver-broncos/
http://www.denverpost.com/broncosstats,http://stats.denverpost.com/football/nfl-teams.aspx?page=/data/nfl/teams/team21.html
http://www.denverpost.com/contact,http://www.denverpost.com/contact-us/
http://www.denverpost.com/aboutus,http://www.denverpost.com/contact-us/
http://www.denverpost.com/summer,http://neighbors.denverpost.com/album_cat.php?cat_id=14
http://www.denverpost.com/rocktober,http://www.denverpost.com/sports/colorado-rockies/
http://www.denverpost.com/avs,http://www.denverpost.com/sports/colorado-avalanche/
http://www.denverpost.com/finance,http://finance.denverpost.com/
http://www.denverpost.com/tv,http://www.denverpost.com/tv-listings/
http://www.denverpost.com/snow,http://www.denverpost.com/colorado-ski-report/
http://www.denverpost.com/results,http://www.denverpost.com/politics/election/
http://www.denverpost.com/closings,http://www.denverpost.com/denver-school-closures/
http://www.denverpost.com/catchingupwith,http://www.denverpost.com/tag/colorado-classics/
http://www.denverpost.com/youfood,http://neighbors.denverpost.com/viewforum.php?f=15
http://www.denverpost.com/ufood,http://neighbors.denverpost.com/viewforum.php?f=15
http://www.denverpost.com/tvguide,http://www.denverpost.com/entertainment/television/
http://www.denverpost.com/guide,http://guide.denverpost.com/
http://www.denverpost.com/yourvideo,http://neighbors.denverpost.com/video.php
http://www.denverpost.com/weddings,http://blogs.denverpost.com/weddings
http://www.denverpost.com/diggingin,http://blogs.denverpost.com/diggingin
http://www.denverpost.com/highernote,http://blogs.denverpost.com/highernote
http://www.denverpost.com/podcasts,http://podcasts.denverpost.com/
http://www.denverpost.com/dollarsandsense,http://blogs.denverpost.com/dollarsandsense
http://www.denverpost.com/neighbors,http://neighbors.denverpost.com/
http://www.denverpost.com/features,http://www.denverpost.com/lifestyle/
http://www.denverpost.com/talkbacktoal,http://blogs.denverpost.com/lewis
http://www.denverpost.com/graphics,http://photos.denverpost.com/photoprojects/galleries/graphics.html
http://www.denverpost.com/voterguide/,http://c3.thevoterguide.org/v/denver12/
http://www.denverpost.com/dncevents,http://www.politicswest.com/calendar
http://www.denverpost.com/localnews,http://www.denverpost.com/news/
http://www.denverpost.com/business/ci_,http://www.denverpost.com/business/
http://www.denverpost.com/business_article,http://www.denverpost.com/business/
http://www.denverpost.com/billhusted_article,http://www.denverpost.com/author/bill-husted/
http://www.denverpost.com/rivers,http://www.denverpost.com/sports/
http://www.denverpost.com/sports_article,http://www.denverpost.com/sports/
http://www.denverpost.com/broncos_section,http://www.denverpost.com/sports/denver-broncos/
http://www.denverpost.com/books_section,http://www.denverpost.com/entertainment/books/
http://www.denverpost.com/search,http://www.denverpost.com/?s=
http://www.denverpost.com/search_article,http://www.denverpost.com/?s=
http://www.denverpost.com/colleges_article,http://www.denverpost.com/sports/college/
http://www.denverpost.com/dearmargo_section,http://www.denverpost.com/author/margo-howard/
http://www.denverpost.com/motorsports_section,http://www.denverpost.com/sports/motorsports/
http://www.denverpost.com/movies_section,http://www.denverpost.com/entertainment/movies/
http://www.denverpost.com/search.htm,http://www.denverpost.com/?s=
http://www.denverpost.com/theater_section,http://www.denverpost.com/entertainment/theater/
http://www.denverpost.com/rapids_section,http://www.denverpost.com/rapids
http://www.denverpost.com/store,http://www.denverpoststore.com/barack-obama-poster.html
http://www.denverpost.com/blogs,http://blogs.denverpost.com/
http://www.denverpost.com/westwatch,http://neighbors.denverpost.com/featured.php?discussions
http://www.denverpost.com/share,http://neighbors.denverpost.com/
http://www.denverpost.com/electionpics,http://neighbors.denverpost.com/album_cat.php?cat_id=116
http://www.denverpost.com/customercare,http://customercare.denverpost.com/SplashScreen.asp
http://www.denverpost.com/motellife,http://photos.denverpost.com/photoprojects/specialprojects/motellife/motellife.html
http://www.denverpost.com/pre-order,http://postnewstools.myshopify.com/
http://www.denverpost.com/obamaphotos,http://photos.denverpost.com/photoprojects/specialprojects/inauguration/inauguration.html
http://www.denverpost.com/dncphotos,http://photos.denverpost.com/photoprojects/DNCmedia/politicsgallery.html
http://www.denverpost.com/smallbusiness,http://www.denverpost.com/business/
http://www.denverpost.com/pets,http://pets.denverpost.com/denver/pets.aspx
http://www.denverpost.com/homes,http://www.postnewsrealestate.com/
http://www.denverpost.com/rentals,http://www.postnewsrealestate.com/rentals
http://www.denverpost.com/nie,http://post-newseducation.com/
http://www.denverpost.com/nominate,http://www.topworkplaces.com/frontend.php/regional-list/nominate/start/denverpost
http://www.denverpost.com/jobfairs,http://postnewsjobfairs.com/
http://www.denverpost.com/jobfairsreg,http://postnewsjobfairs.com/registration.asp
http://www.denverpost.com/autos,http://www.denverpostdrive.com/
http://www.denverpost.com/stuff,http://postnewsclassifieds.kaango.com/
http://www.denverpost.com/shopping,http://postnewsshopping.com/
http://www.denverpost.com/mortgages,http://www.postnewsrealestate.com/mortgages
http://www.denverpost.com/carsales,http://www.denverpost.com/2009/02/16/2008-auto-sales-decline-one-of-states-worst-ever/
http://www.denverpost.com/virtualjobfair,http://www.virtualcareerevents.com/denver
http://www.denverpost.com/statebasketball,http://photos.denverpost.com/photogalleries/statebasketball2010
http://www.denverpost.com/hark,http://blogs.denverpost.com/hark
http://www.denverpost.com/boysbasketball,http://photos.denverpost.com/photogalleries/boys-basketball
http://www.denverpost.com/girlsbasketball,http://photos.denverpost.com/photogalleries/girls-basketball
http://www.denverpost.com/openhouses,http://www.postnewsrealestate.com/maps/open-houses
http://www.denverpost.com/garagesales,http://extras.denverpost.com/garagesales/
http://www.denverpost.com/garagesale,http://extras.denverpost.com/garagesales/
http://www.denverpost.com/insideout,http://www.denverpost.com/lifestyle/home-garden/
http://www.denverpost.com/room,http://www.denverpost.com/lifestyle/home-garden/
http://www.denverpost.com/collegesports,http://www.denverpost.com/sports/college/
http://www.denverpost.com/graduates,http://www.postnewssecure.com/adbuilder/vetrespond 301 Location.aspx
http://www.denverpost.com/subscribe,https://www.denverpostcustomercare.com/dssSubscribe.aspx
http://www.denverpost.com/livingnow,http://postnewsads.com/livingnow
http://www.denverpost.com/nuggetsphotos,http://photos.denverpost.com/photogalleries/nuggets09/index.html
http://www.denverpost.com/tourdefrance,http://www.denverpost.com/sports/cycling/
http://www.denverpost.com/ostrowofftherecord,http://blogs.denverpost.com/ostrow/
http://www.denverpost.com/runninglines,http://blogs.denverpost.com/runninglines/
http://www.denverpost.com/beetlebailey,http://www.denverpost.com/comics?feature_id=Beetle_Bailey
http://www.denverpost.com/sallyforth,http://www.denverpost.com/comics?feature_id=Sally_Forth
http://www.denverpost.com/blondie,http://www.denverpost.com/comics?feature_id=Blondie
http://www.denverpost.com/shermanslagoon,http://www.denverpost.com/comics?feature_id=Shermans_Lagoon
http://www.denverpost.com/comicspoll,http://www.denverpost.com/ci_27537664/denver-post-comics-survey
http://www.denverpost.com/photo,http://photos.denverpost.com
http://www.denverpost.com/photos,http://photos.denverpost.com
http://www.denverpost.com/mediacenter,http://photos.denverpost.com
http://www.denverpost.com/multimedia,http://photos.denverpost.com
http://www.denverpost.com/coloradophotos,http://photos.denverpost.com/mediacenter/category/news/colorado/
http://www.denverpost.com/newsphotos,http://photos.denverpost.com/mediacenter/category/news/
http://www.denverpost.com/sportsphoto,http://photos.denverpost.com/photogalleries/sportsimages
http://www.denverpost.com/sportsphotos,http://photos.denverpost.com/mediacenter/category/sports/
http://www.denverpost.com/travelphotos,http://photos.denverpost.com/mediacenter/category/entertainment/travel/
http://www.denverpost.com/sciencephotos,http://photos.denverpost.com/photogalleries/scienceimages/
http://www.denverpost.com/celebphotos,http://photos.denverpost.com/photogalleries/celebsimages/
http://www.denverpost.com/infocus,http://photos.denverpost.com/photogalleries/infocusimages
http://www.denverpost.com/prepsphotos,http://photos.denverpost.com/mediacenter/category/preps/
http://www.denverpost.com/stylephotos,http://photos.denverpost.com/photogalleries/styleimages/
http://www.denverpost.com/video,http://photos.denverpost.com/mediacenter/tag/video/
http://www.denverpost.com/videos,http://photos.denverpost.com/mediacenter/tag/video/
http://www.denverpost.com/audioslideshows,http://photos.denverpost.com/photogalleries/audioslideshow
http://www.denverpost.com/specialprojects,http://photos.denverpost.com/mediacenter/category/special-projects/
http://www.denverpost.com/prepsgallery,http://photos.denverpost.com/photogalleries/prepimages/
http://www.denverpost.com/captured,http://blogs.denverpost.com/captured/
http://www.denverpost.com/entertainmentphotos,http://photos.denverpost.com/mediacenter/category/entertainment/
http://www.denverpost.com/register,https://secure.www.denverpost.com/registration?rPage=register
http://www.denverpost.com/prepsfootball,http://photos.denverpost.com/photogalleries/football/
http://www.denverpost.com/broncoschat,http://www.denverpost.com/sports/denver-broncos/
http://www.denverpost.com/broncospremium,http://www.denverpost.com/sports/denver-broncos/
http://www.denverpost.com/premiumbroncos,http://www.denverpost.com/sports/denver-broncos/
http://www.denverpost.com/premium/broncos,http://www.denverpost.com/sports/denver-broncos/
http://www.denverpost.com/sports2006,http://www.denverpost.com/sports/
http://www.denverpost.com/americansoldier,http://photos.denverpost.com/photoprojects/specialprojects/ianfisher/index.html
http://www.denverpost.com/entertainment_old,http://www.denverpost.com/entertainment/
http://www.denverpost.com/1256324408523/old_travel,http://www.denverpost.com/travel/
http://www.denverpost.com/skiguide2009,http://www.denverpost.com/2009/10/23/colorado-ski-guide-2010/
http://www.denverpost.com/news/marijuana,http://www.denverpost.com/news/marijuana/
http://www.denverpost.com/news/marijuana/,http://www.denverpost.com/news/marijuana/
http://www.denverpost.com/pot,http://www.denverpost.com/news/marijuana/
http://www.denverpost.com/pot/,http://www.denverpost.com/news/marijuana/
http://www.denverpost.com/weed,http://www.denverpost.com/news/marijuana/
http://www.denverpost.com/weed/,http://www.denverpost.com/news/marijuana/
http://www.denverpost.com/childhoodpoverty,http://photos.denverpost.com/photoprojects/specialprojects/childhoodpoverty/
http://www.denverpost.com/realestate/place-an-ad,http://www.denverpost.com/2010/01/20/place-an-ad/
http://www.denverpost.com/realestate/selfservefaq,http://www.denverpost.com/2010/01/22/self-serve-frequently-asked-questions-faq/http://www.denverpost.com/dprealestate,http://www.denverpost.com/business/colorado-real-estate/
http://www.denverpost.com/researchpanel,http://www.postnewsads.com/researchpanel/index.html
http://www.denverpost.com/olympicsphotos,http://photos.denverpost.com/photogalleries/olympicsimages
http://www.denverpost.com/snowapp,http://extras.denverpost.com/skireport/colorado/iphone-snow-app.html
http://www.denverpost.com/statewrestling,http://photos.denverpost.com/mediacenter/category/preps/wrestling/2011-state-championships/
http://www.denverpost.com/captured,http://blogs.denverpost.com/captured/category/captured/
http://www.denverpost.com/plog,http://blogs.denverpost.com/captured/
http://www.denverpost.com/agentads,http://dpstaticserver.com/sites/realestate/self-serve.html
http://www.denverpost.com/stedman,http://photos.denverpost.com/photoprojects/specialprojects/stedman/video.html
http://www.denverpost.com/tebow,http://www.denverpost.com/tag/tim-tebow/
http://www.denverpost.com/tigertimeline,http://www.denverpost.com/2010/04/05/fallen-champion-a-tiger-woods-timeline/
http://www.denverpost.com/openhouse,http://realestate.denverpost.com/homes/CO-USA/-OPEN-house
http://www.denverpost.com/coloradoski,http://photos.denverpost.com/photoprojects/specialprojects/cosnowseason/
http://www.denverpost.com/hubrestaurantguide,http://dpstaticserver.com/splash/yourhub_restaurant_feature/
http://www.denverpost.com/fourmilefire,http://photos.denverpost.com/mediacenter/2010/09/fourmile-fire/
http://www.denverpost.com/2010grads,http://www.postnewssecure.com/adbuilder/blbrespond 301 Location.aspx
http://www.denverpost.com/coloradotravel,http://www.denverpost.com/travel/
http://www.denverpost.com/colotravel,http://www.denverpost.com/travel/
http://www.denverpost.com/ubaldojiminez,http://www.denverpost.com/sports/colorado-rockies/
http://www.denverpost.com/ubaldo,http://www.denverpost.com/sports/colorado-rockies/
http://www.denverpost.com/jiminez,http://www.denverpost.com/sports/colorado-rockies/
http://www.denverpost.com/jimenez,http://www.denverpost.com/sports/colorado-rockies/
http://www.denverpost.com/outlawscontest,http://dpstaticserver.com/assets/contests/outlaws_2010/
http://www.denverpost.com/soccer,http://www.denverpost.com/sports/colorado-rapids/
http://www.denverpost.com/worldcup,http://www.denverpost.com/sports/colorado-rapids/
http://www.denverpost.com/medicalmarijuana,http://photos.denverpost.com/mediacenter/2010/12/medmarijuana1/
http://www.denverpost.com/lilithfair,http://dpstaticserver.com/assets/contests/lilith_fair_2010/
http://www.denverpost.com/pointhope,http://photos.denverpost.com/2010/08/28/point-hope-alaska-and-the-drilling-debate/
http://www.denverpost.com/reverb,http://www.heyreverb.com
http://www.denverpost.com/comebackkid,http://photos.denverpost.com/mediacenter/2010/10/video-diego-lemos-part-1/
http://www.denverpost.com/autos,http://autos.denverpost.com
http://www.denverpost.com/deertrail,http://photos.denverpost.com/mediacenter/2010/11/deertrail/
http://www.denverpost.com/bestofsports,http://blogs.denverpost.com/captured/2010/12/21/the-game-2010-sports-photos-of-the-year/2595/
http://www.denverpost.com/burgers,http://blogs.denverpost.com/nuggets/category/national-burger-adventure/
http://www.denverpost.com/styleheadlines/ci_17065250,http://www.denverpost.com/summercamps/
http://www.denverpost.com/fries,http://data.denverpost.com/election/results/state-senate/2008/district-14/
http://www.denverpost.com/vivatvspot,http://extras.denverpost.com/media/video/viva/
http://www.denverpost.com/breakingnewsreporting,http://photos.denverpost.com/breaking_news_reporting/
http://www.denverpost.com/explanatoryreporting,http://photos.denverpost.com/explanatory_reporting/
http://www.denverpost.com/xgamesphotos,http://photos.denverpost.com/mediacenter/category/special-projects/2011-x-games/
http://www.denverpost.com/backseatbudgeter,http://www.denverpost.com/2010/12/30/backseat-budgeter-balance-the-colorado-state-budget/
http://www.denverpost.com/pickem,http://denverpost.collegebasketball.upickem.net/collegebasketball/registration/login.asp
http://www.denverpost.com/denverdecides,http://www.denverpost.com/politics/denver/
http://www.denverpost.com/denvermayor,http://www.denverpost.com/politics/denver/
http://www.denverpost.com/sxsw2011,http://blogs.denverpost.com/techknowbytes/category/sxsw/
http://www.denverpost.com/skiguide,http://www.denverpost.com/2012/11/27/download-denver-post-2012-13-colorado-ski-guide-for-ipad-free/
http://www.denverpost.com/afternoonheadlines,http://www.denverpost.com/2011/03/09/sign-up-for-the-denver-posts-afternoon-news-update-newsletter/
http://www.denverpost.com/scoreboard2011,http://www.denverpost.com/2011/03/31/denver-mayoral-election-scorecard/
http://www.denverpost.com/dubroff,http://www.denverpost.com/2011/04/14/what-ails-americas-economy-an-occasional-series/
http://www.denverpost.com/bloomers,http://neighbors.denverpost.com/album_cat.php?cat_id=148
http://www.denverpost.com/youpost,http://youpost.denverpost.com/submit-your-photos/
http://www.denverpost.com/beltway,http://blogs.denverpost.com/thespot/category/washington-bureau/
http://www.denverpost.com/outdoorextremes,http://www.denverpost.com/sports/winter-sports/
http://www.denverpost.com/realestate/designchallenge,http://postnewsads.com/P/ParadeOfHomes/DesignChallenge/2012/
http://www.denverpost.com/coupons,http://postnewsads.com/D/DPExtreme-Couponing/Smart-couponing-landing.html
http://www.denverpost.com/photonight,http://www.denverpostphotonight.eventbrite.com
http://www.denverpost.com/trailblazers,http://neighbors.denverpost.com/album_cat.php?cat_id=155/
http://www.denverpost.com/greatplaces,http://photos.denverpost.com/mediacenter/2012/05/colorados-great-places-2/35055/
http://www.denverpost.com/winterinthecity,http://postnewsads.com/W/WinterInTheCity/2013/
http://www.denverpost.com/ums,http://theums.com/
http://www.denverpost.com/fitnessfeatures,http://www.denverpost.com/lifestyle/fitness/
http://www.denverpost.com/electionnews,http://www.denverpost.com/politics/
http://www.denverpost.com/dncpolitics,http://www.denverpost.com/politics/
http://www.denverpost.com/styleheadlines,http://www.denverpost.com/lifestyle/
http://www.denverpost.com/sportstv,http://www.denverpost.com/2016/05/23/sports-today-on-tv-and-radio/
http://www.denverpost.com/outwest,http://www.denverpost.com/travel/
http://www.denverpost.com/tinyteammates,http://www.denverpost.com
http://www.denverpost.com/2013-colorado-floods,http://www.denverpost.com/tag/colorado-floods-2013/
http://www.denverpost.com/flood,http://www.denverpost.com/tag/colorado-floods-2013/
http://www.denverpost.com/colorado-floods,http://www.denverpost.com/tag/colorado-floods-2013/
http://www.denverpost.com/coloradofloods,http://www.denverpost.com/tag/colorado-floods-2013/
http://www.denverpost.com/aaronharber,http://www.denverpost.com/politics/election/
http://www.denverpost.com/election-show,http://www.denverpost.com/politics/election/
http://www.denverpost.com/ethics,http://www.denverpost.com/ethics-policy/
http://www.denverpost.com/beerguide,http://www.denverpost.com/2013/09/24/denver-post-beer-guide-app-provides-an-inside-look-at-metro-area-craft-breweries-beer-bars-bottle-shops-and-more/
http://www.denverpost.com/fireline,http://www.denverpost.com/2013/12/02/waldo-canyon-black-forest-and-how-wildfires-are-changing-in-colorado-and-the-american-west/
http://www.denverpost.com/activate,https://denverpostcustomercare.com/dssMatch.aspx?product=CustomerCare&return=index.aspx
http://www.denverpost.com/holidayprints,http://photos.denverpost.com/2013/11/20/photos-denver-post-holiday-print-sale-2013/
http://www.denverpost.com/broncosbook,http://www.pedimentbooks.com/store/product/denver-broncos-2013-2014-championship-book/
http://www.denverpost.com/writeforus,http://www.denverpost.com/2013/07/09/submission-guidelines-and-contact-information/
http://www.denverpost.com/kensler,http://www.denverpost.com/sports/college/
http://www.denverpost.com/healthnews,http://www.denverpost.com/news/health/
http://www.denverpost.com/nation,http://www.denverpost.com/news/nation-world/
http://www.denverpost.com/disqus,http://www.denverpost.com/2014/04/21/denver-post-online-comment-system-to-change-disqus-replaces-neighbors/
http://www.denverpost.com/groundrules,http://www.denverpost.com/2014/04/21/denver-post-commenting-ground-rules-april-2014/
http://www.denverpost.com/recentcomments,http://www.denverpost.com/2014/04/25/recent-comments-top-discussions-and-top-commenters/
http://www.denverpost.com/disqusprimer,http://www.denverpost.com/2014/04/25/primer-for-disqus-commenting-on-denverpost-com/
http://www.denverpost.com/frackingforum,http://www.denverpost.com/2014/04/15/denver-post-forum-the-future-of-fracking/

http://www.denverpost.com/extremes,http://www.denverpost.com/sports/outdoors/
http://www.denverpost.com/romney,http://www.denverpost.com/politics/national/
http://www.denverpost.com/peytonmanning,http://www.denverpost.com/tag/peyton-manning/
http://www.denverpost.com/peyton,http://www.denverpost.com/tag/peyton-manning/
http://www.denverpost.com/manning,http://www.denverpost.com/tag/peyton-manning/
http://www.denverpost.com/sun_valley,http://www.denverpost.com/tag/sun-valley/
http://www.denverpost.com/sunvalley,http://www.denverpost.com/tag/sun-valley/
http://www.denverpost.com/editorial,http://www.denverpost.com/opinion/editorials/
http://www.denverpost.com/news/frontpage,http://www.denverpost.com/front-pages/
http://www.denverpost.com/privacy,http://www.denverpost.com/privacy-policy/
http://www.denverpost.com/greene,http://www.denverpost.com/author/susan-greene/
http://www.denverpost.com/rodriguez,http://www.denverpost.com/author/cindy-rodriguez/
http://www.denverpost.com/ewegen,http://www.denverpost.com/author/bob-ewegen/
http://www.denverpost.com/electionvideo,http://photos.denverpost.com/category/news/politics
http://www.denverpost.com/gdp,http://www.denverpost.com/business/economy/
http://www.denverpost.com/theeconomy,http://www.denverpost.com/business/economy/
http://www.denverpost.com/potforum2014,http://www.denverpost.com/2014/06/17/denver-post-forum-colorado-and-retail-marijuana-2/
http://www.denverpost.com/newsletters,http://mail.denverpost.com/dpopreference/dpoprefpage
http://www.denverpost.com/alerts,http://mail.denverpost.com/dpopreference/dpoprefpage
http://www.denverpost.com/tcap,http://www.denverpost.com/2014/08/14/colorado-tcap-scores-2014-interactive-database/
http://www.denverpost.com/homelessstudents,http://extras.denverpost.com/homelessstudents/
http://www.denverpost.com/warandsecurity,http://www.denverpost.com/tag/war/
http://www.denverpost.com/metrorealtysales,http://www.denverpost.com/business/colorado-real-estate/
http://www.denverpost.com/foodmap,http://extras.denverpost.com/projects/2014/restaurant-foundation/index.html
http://www.denverpost.com/homelessveterans,http://extras.denverpost.com/homelessveterans
http://www.denverpost.com/latino,http://extras.denverpost.com/projects/2014/latino-project/video.html
http://www.denverpost.com/mentalillness,http://extras.denverpost.com/mentalillness
http://www.denverpost.com/apps,http://extras.denverpost.com/mobile/index.html
http://www.denverpost.com/mobile,http://extras.denverpost.com/mobile/index.html
http://www.denverpost.com/everythingmatters,http://extras.denverpost.com/everythingmatters
http://www.denverpost.com/stateofhope,http://extras.denverpost.com/stateofhope
http://www.denverpost.com/cbdincolorado,http://extras.denverpost.com/stateofhope
http://www.denverpost.com/theatertrial,http://www.denverpost.com/theater-shooting-trial
http://www.denverpost.com/holmestrial,http://www.denverpost.com/theater-shooting-trial
http://www.denverpost.com/ridetherockiesbook,http://store.pediment.com/products/ride-the-rockies-30-years-cycling-tradition-history-book?utm_campaign=dp-rtrbook&utm_source=denver_post&utm_medium=print
http://www.denverpost.com/oil-gas-boom,http://www.denverpost.com/managingtheboom
http://www.denverpost.com/managing-the-boom,http://www.denverpost.com/managingtheboom
http://www.denverpost.com/oil-gas,http://www.denverpost.com/managingtheboom
http://www.denverpost.com/oilgas,http://www.denverpost.com/managingtheboom
http://www.denverpost.com/catzingano,http://extras.denverpost.com/catzingano/
http://www.denverpost.com/tech,http://www.denverpost.com/technology
http://www.denverpost.com/pressbox,http://sportsshow.denverpost.com/
http://www.denverpost.com/sports/ci_27827936/spencer-haywood,http://extras.denverpost.com/spencer-haywood
http://www.denverpost.com/homesales,http://www.denverpost.com/data/ci_26966041/metro-denver-home-sales-map
http://www.denverpost.com/broncos/ci_27997357/2015-denver-broncos-draft-picks,http://extras.denverpost.com/broncos-2015-draft-picks/
http://www.denverpost.com/broncos/ci_27997362/2015-nfl-draft-tracker-live-updates,http://extras.denverpost.com/projects/2015/nfl-draft-2015/
http://www.denverpost.com/sports/ci_28167796/greg-roskopf-amy-van-dyken-rouen-muscle-activation,http://extras.denverpost.com/greg-roskopf
http://www.denverpost.com/greg-roskopf,http://extras.denverpost.com/greg-roskopf
http://www.denverpost.com/kailyn,http://extras.denverpost.com/projects/2015/kailyn-forsberg/
http://www.denverpost.com/misery,/rockies/ci_28384514/rockies-misery-index
http://www.denverpost.com/pearlsevent,http://pearlsevent.eventbrite.com/
http://www.denverpost.com/long-haul,http://extras.denverpost.com/long-haul
http://www.denverpost.com/curturs,http://dptv.denverpost.com/category/culturs/
http://www.denverpost.com/transgender,http://extras.denverpost.com/transgender
http://www.denverpost.com/specialreports,http://extras.denverpost.com/
http://www.denverpost.com/aurora-va-hospital,http://extras.denverpost.com/aurora-va-hospital
http://www.denverpost.com/sponsor-content,http://local.denverpost.com[HTTP::uri]
http://www.denverpost.com/emailnewsletter_signup_promo,http://mail.denverpost.com/dpopreference/dpoprefpage
http://www.denverpost.com/poetrynow,http://extras.denverpost.com/poetry-now
http://www.denverpost.com/poetry-now,http://extras.denverpost.com/poetry-now
http://www.denverpost.com/circare/html/sca_template.jsp,http://www.denverpost.com/circare/html/gsa_template.jsp
http://www.denverpost.com/veterans,http://extras.denverpost.com/veterans
http://www.denverpost.com/politics-national,http://www.denverpost.com/nationalpolitics
http://www.denverpost.com/broncos-country,http://extras.denverpost.com/broncos-country/
http://www.denverpost.com/broncosbook,https://pediment.app.box.com/s/zpxijpkx0t1f44fgbgq7x6spx4jaqw5j
http://www.denverpost.com/bill-tracker,http://extras.denverpost.com/app/bill-tracker/
http://www.denverpost.com/weathernews/blizzard2016,http://www.denverpost.com/weathernews/ci_29676057/denver-blizzard-march-2016-roundup
http://www.denverpost.com/digitalreplicaeditionfaq,http://postnewsads.com/D/DPmembership/5-13-16FAQsForODN.pdf








http://www.denverpost.com/coloradostocks,
http://www.denverpost.com/localstocks,http://hosted2.ap.org/CODEN/mmLocalStocks/local-coden